Model,Class,Precision,Recall,F1,Support
LogisticRegression,Apple,0.9044,0.9179,0.9111,268
LogisticRegression,Hourglass,0.8592,0.8652,0.8622,141
LogisticRegression,Inverted Triangle,0.9525,0.9783,0.9652,369
LogisticRegression,Long Torso,0.6061,0.6452,0.625,31
LogisticRegression,Pear,0.9035,0.9153,0.9094,307
LogisticRegression,Rectangle,0.7714,0.5094,0.6136,53
LogisticRegression,Short Torso,0.8095,0.7556,0.7816,45
RandomForest,Apple,0.9393,0.9813,0.9599,268
RandomForest,Hourglass,0.8681,0.8865,0.8772,141
RandomForest,Inverted Triangle,0.9609,0.9322,0.9464,369
RandomForest,Long Torso,0.8485,0.9032,0.875,31
RandomForest,Pear,0.9444,0.9414,0.9429,307
RandomForest,Rectangle,0.9423,0.9245,0.9333,53
RandomForest,Short Torso,1.0,0.9111,0.9535,45
XGBoost,Apple,0.9706,0.9851,0.9778,268
XGBoost,Hourglass,0.8986,0.9433,0.9204,141
XGBoost,Inverted Triangle,0.9645,0.9566,0.9605,369
XGBoost,Long Torso,0.9032,0.9032,0.9032,31
XGBoost,Pear,0.9702,0.9544,0.9622,307
XGBoost,Rectangle,0.9423,0.9245,0.9333,53
XGBoost,Short Torso,0.9535,0.9111,0.9318,45
SVM,Apple,0.9774,0.9701,0.9738,268
SVM,Hourglass,0.9362,0.9362,0.9362,141
SVM,Inverted Triangle,0.9781,0.9702,0.9741,369
SVM,Long Torso,0.8571,0.9677,0.9091,31
SVM,Pear,0.9707,0.9707,0.9707,307
SVM,Rectangle,0.9423,0.9245,0.9333,53
SVM,Short Torso,0.8936,0.9333,0.913,45
KNN,Apple,0.8547,0.944,0.8972,268
KNN,Hourglass,0.6975,0.8014,0.7459,141
KNN,Inverted Triangle,0.9046,0.8482,0.8755,369
KNN,Long Torso,0.6087,0.9032,0.7273,31
KNN,Pear,0.9104,0.7948,0.8487,307
KNN,Rectangle,0.7959,0.7358,0.7647,53
KNN,Short Torso,0.8085,0.8444,0.8261,45
